mutation_label,706,Cladosporin,logFC,padj,minimal_edit_distance
S344M,67.4,73.5,11.787031154583406,4.724167027464698e-6,2
N339M,28.4,56.2,11.19642005441095,5.599999720761458e-5,2
S344L,15.5,25.3,11.084041401657293,2.4042558765161932e-5,1
N339E,28.5,30.8,11.011770317732427,8.643154016245924e-6,2
F342Y,12,20.6,10.43371218840157,6.140267507668582e-5,1
T343NA,8.2,11.8,9.878961713132844,6.087252344008908e-5,3
H338NA,32.3,16,9.828557507043634,8.643154016245924e-6,2
V328G,17.2,7.5,9.819069147649792,9.860615312779089e-6,1
V328S,15.3,10.8,9.578976879142974,1.737024922238973e-5,2
C345D,2.4,5.3,8.349045760719664,0.0010941738956046449,2
N339K,5.2,2.5,8.187753946604927,5.291253844878942e-5,1
S344I,6.1,13.1,7.979313279380426,0.002779149573938049,3
F342H,11.8,NA,7.818221029405416,6.4183105001439e-4,2
C345R,2.3,5,7.332179506580326,0.002555310772751447,1
F329P,5.7,2.4,7.291115280982061,3.0171129626673963e-4,2
V328L,4.2,NA,7.255694014517939,3.2378280735679925e-4,1
V328H,3.6,2.3,7.137545530239938,4.216030527183941e-4,3
F329NA,2.2,NA,6.984208707623983,5.218266432466556e-4,2
V328N,4.3,NA,6.618147278915986,0.0025580549314927307,3
V328F,2.8,NA,6.563321287949526,0.001774548021880046,2
N339N,2.4,NA,6.137992527733534,0.001515540156391768,1
N339F,2.4,NA,5.696486681885741,0.00419285106919424,2
P340F,2.5,NA,5.232375597470023,0.005082965913522081,2
T343Y,2.2,NA,4.98365608893048,0.06244547833367622,2
H338Q,2.4,NA,3.2251345604577084,0.025149445612905497,1
